date,city,temperature_C,load_shedding_hours,day_of_week
2024-01-01,Lahore,33.5,2.21,Monday
2024-01-01,Karachi,35.2,4.41,Monday
2024-01-01,Islamabad,25.6,3.38,Monday
2024-01-02,Lahore,41.1,2.31,Tuesday
2024-01-02,Karachi,29.7,3.87,Tuesday
2024-01-02,Islamabad,24.2,3.26,Tuesday
2024-01-03,Lahore,31.7,0.0,Wednesday
2024-01-03,Karachi,23.4,3.26,Wednesday
2024-01-03,Islamabad,20.9,4.98,Wednesday
2024-01-04,Lahore,23.6,1.94,Thursday
2024-01-04,Karachi,39.3,1.11,Thursday
2024-01-04,Islamabad,27.4,1.3,Thursday
2024-01-05,Lahore,26.2,3.8,Friday
2024-01-05,Karachi,26.2,4.19,Friday
2024-01-05,Islamabad,23.4,3.66,Friday
2024-01-06,Lahore,25.8,6.48,Saturday
2024-01-06,Karachi,31.9,1.09,Saturday
2024-01-06,Islamabad,31.9,0.85,Saturday
2024-01-07,Lahore,31.5,0.0,Sunday
2024-01-07,Karachi,25.4,4.07,Sunday
2024-01-07,Islamabad,31.4,3.02,Sunday
2024-01-08,Lahore,29.2,2.68,Monday
2024-01-08,Karachi,24.6,2.82,Monday
2024-01-08,Islamabad,24.2,5.55,Monday
2024-01-09,Lahore,32.4,0.0,Tuesday
2024-01-09,Karachi,33.6,1.82,Tuesday
2024-01-09,Islamabad,22.9,5.09,Tuesday
2024-01-10,Lahore,37.2,3.19,Wednesday
2024-01-10,Karachi,27.8,2.9,Wednesday
2024-01-10,Islamabad,29.0,4.63,Wednesday
2024-01-11,Lahore,26.6,3.28,Thursday
2024-01-11,Karachi,26.5,1.79,Thursday
2024-01-11,Islamabad,31.9,4.72,Thursday
2024-01-12,Lahore,29.5,4.59,Friday
2024-01-12,Karachi,33.8,1.4,Friday
2024-01-12,Islamabad,29.2,5.45,Friday
2024-01-13,Lahore,29.7,5.39,Saturday
2024-01-13,Karachi,18.9,6.08,Saturday
2024-01-13,Islamabad,27.5,2.96,Saturday
2024-01-14,Lahore,30.6,0.0,Sunday
2024-01-14,Karachi,30.9,3.39,Sunday
2024-01-14,Islamabad,35.9,1.24,Sunday
2024-01-15,Lahore,24.3,3.19,Monday
2024-01-15,Karachi,36.6,2.4,Monday
2024-01-15,Islamabad,23.8,4.8,Monday
2024-01-16,Lahore,30.7,4.34,Tuesday
2024-01-16,Karachi,28.5,2.76,Tuesday
2024-01-16,Islamabad,24.6,1.7,Tuesday
2024-01-17,Lahore,32.1,3.05,Wednesday
2024-01-17,Karachi,32.0,2.31,Wednesday
2024-01-17,Islamabad,18.5,4.28,Wednesday
2024-01-18,Lahore,27.6,2.2,Thursday
2024-01-18,Karachi,31.2,3.41,Thursday
2024-01-18,Islamabad,38.3,1.88,Thursday
2024-01-19,Lahore,31.8,2.59,Friday
2024-01-19,Karachi,22.4,4.23,Friday
2024-01-19,Islamabad,27.4,7.13,Friday
2024-01-20,Lahore,28.7,3.68,Saturday
2024-01-20,Karachi,31.8,0.94,Saturday
2024-01-20,Islamabad,33.9,3.49,Saturday
2024-01-21,Lahore,35.5,0.71,Sunday
2024-01-21,Karachi,39.0,0.0,Sunday
2024-01-21,Islamabad,30.5,6.2,Sunday
2024-01-22,Lahore,23.1,3.31,Monday
2024-01-22,Karachi,32.5,1.83,Monday
2024-01-22,Islamabad,17.7,5.15,Monday
2024-01-23,Lahore,22.6,4.95,Tuesday
2024-01-23,Karachi,27.4,5.76,Tuesday
2024-01-23,Islamabad,22.3,3.8,Tuesday
2024-01-24,Lahore,35.7,0.2,Wednesday
2024-01-24,Karachi,33.1,4.44,Wednesday
2024-01-24,Islamabad,17.4,5.38,Wednesday
2024-01-25,Lahore,31.8,3.87,Thursday
2024-01-25,Karachi,25.8,1.72,Thursday
2024-01-25,Islamabad,30.1,3.42,Thursday
2024-01-26,Lahore,31.8,3.23,Friday
2024-01-26,Karachi,28.6,3.58,Friday
2024-01-26,Islamabad,28.8,2.14,Friday
2024-01-27,Lahore,43.1,1.53,Saturday
2024-01-27,Karachi,26.0,4.64,Saturday
2024-01-27,Islamabad,21.2,5.66,Saturday
2024-01-28,Lahore,38.1,0.42,Sunday
2024-01-28,Karachi,36.8,2.48,Sunday
2024-01-28,Islamabad,31.9,5.52,Sunday
2024-01-29,Lahore,28.3,2.16,Monday
2024-01-29,Karachi,27.6,2.18,Monday
2024-01-29,Islamabad,26.5,4.09,Monday
2024-01-30,Lahore,31.9,3.92,Tuesday
2024-01-30,Karachi,32.1,4.84,Tuesday
2024-01-30,Islamabad,25.4,7.84,Tuesday
2024-01-31,Lahore,34.4,0.98,Wednesday
2024-01-31,Karachi,26.6,4.28,Wednesday
2024-01-31,Islamabad,25.7,4.79,Wednesday
2024-02-01,Lahore,33.3,2.34,Thursday
2024-02-01,Karachi,27.8,1.1,Thursday
2024-02-01,Islamabad,24.3,5.23,Thursday
2024-02-02,Lahore,31.5,0.88,Friday
2024-02-02,Karachi,32.9,3.1,Friday
2024-02-02,Islamabad,21.7,4.61,Friday
2024-02-03,Lahore,30.4,1.22,Saturday
2024-02-03,Karachi,33.8,3.21,Saturday
2024-02-03,Islamabad,33.5,4.0,Saturday
2024-02-04,Lahore,20.4,3.2,Sunday
2024-02-04,Karachi,34.6,3.01,Sunday
2024-02-04,Islamabad,30.1,8.76,Sunday
2024-02-05,Lahore,34.0,4.04,Monday
2024-02-05,Karachi,36.8,2.85,Monday
2024-02-05,Islamabad,25.1,4.95,Monday
2024-02-06,Lahore,24.6,3.55,Tuesday
2024-02-06,Karachi,29.6,3.19,Tuesday
2024-02-06,Islamabad,40.9,0.0,Tuesday
2024-02-07,Lahore,34.8,0.0,Wednesday
2024-02-07,Karachi,29.6,4.69,Wednesday
2024-02-07,Islamabad,27.4,1.82,Wednesday
2024-02-08,Lahore,25.0,4.85,Thursday
2024-02-08,Karachi,28.3,3.6,Thursday
2024-02-08,Islamabad,27.3,2.48,Thursday
2024-02-09,Lahore,45.0,1.45,Friday
2024-02-09,Karachi,21.9,4.63,Friday
2024-02-09,Islamabad,23.0,5.44,Friday
2024-02-10,Lahore,24.5,3.75,Saturday
2024-02-10,Karachi,34.5,3.54,Saturday
2024-02-10,Islamabad,19.8,4.2,Saturday
2024-02-11,Lahore,26.7,2.57,Sunday
2024-02-11,Karachi,40.8,1.8,Sunday
2024-02-11,Islamabad,19.4,6.14,Sunday
2024-02-12,Lahore,44.9,2.07,Monday
2024-02-12,Karachi,24.4,3.21,Monday
2024-02-12,Islamabad,34.6,1.17,Monday
2024-02-13,Lahore,33.1,3.64,Tuesday
2024-02-13,Karachi,27.4,3.35,Tuesday
2024-02-13,Islamabad,7.6,5.2,Tuesday
2024-02-14,Lahore,28.2,1.42,Wednesday
2024-02-14,Karachi,40.2,0.0,Wednesday
2024-02-14,Islamabad,24.4,4.14,Wednesday
2024-02-15,Lahore,40.1,0.0,Thursday
2024-02-15,Karachi,37.8,1.71,Thursday
2024-02-15,Islamabad,21.1,5.17,Thursday
2024-02-16,Lahore,31.4,1.87,Friday
2024-02-16,Karachi,32.3,2.03,Friday
2024-02-16,Islamabad,27.7,4.38,Friday
2024-02-17,Lahore,41.1,0.0,Saturday
2024-02-17,Karachi,42.7,0.0,Saturday
2024-02-17,Islamabad,26.1,4.53,Saturday
2024-02-18,Lahore,32.0,1.74,Sunday
2024-02-18,Karachi,31.0,2.1,Sunday
2024-02-18,Islamabad,23.5,5.36,Sunday
2024-02-19,Lahore,32.5,1.54,Monday
2024-02-19,Karachi,36.5,2.38,Monday
2024-02-19,Islamabad,31.9,3.63,Monday
2024-02-20,Lahore,24.2,3.13,Tuesday
2024-02-20,Karachi,35.7,2.96,Tuesday
2024-02-20,Islamabad,26.9,3.7,Tuesday
2024-02-21,Lahore,38.9,0.62,Wednesday
2024-02-21,Karachi,34.7,1.91,Wednesday
2024-02-21,Islamabad,25.7,5.37,Wednesday
2024-02-22,Lahore,35.8,3.26,Thursday
2024-02-22,Karachi,38.5,1.61,Thursday
2024-02-22,Islamabad,31.1,2.35,Thursday
2024-02-23,Lahore,32.3,2.43,Friday
2024-02-23,Karachi,32.5,3.48,Friday
2024-02-23,Islamabad,22.1,7.46,Friday
2024-02-24,Lahore,23.0,2.35,Saturday
2024-02-24,Karachi,37.8,2.89,Saturday
2024-02-24,Islamabad,30.7,3.82,Saturday
2024-02-25,Lahore,29.9,1.67,Sunday
2024-02-25,Karachi,32.4,1.59,Sunday
2024-02-25,Islamabad,32.9,2.3,Sunday
2024-02-26,Lahore,24.2,3.48,Monday
2024-02-26,Karachi,34.1,1.48,Monday
2024-02-26,Islamabad,22.1,4.69,Monday
2024-02-27,Lahore,31.7,1.95,Tuesday
2024-02-27,Karachi,29.6,3.41,Tuesday
2024-02-27,Islamabad,18.3,2.84,Tuesday
2024-02-28,Lahore,25.0,3.52,Wednesday
2024-02-28,Karachi,33.6,4.62,Wednesday
2024-02-28,Islamabad,32.1,2.4,Wednesday
2024-02-29,Lahore,29.9,1.52,Thursday
2024-02-29,Karachi,31.9,2.25,Thursday
2024-02-29,Islamabad,28.9,1.94,Thursday
2024-03-01,Lahore,33.6,4.69,Friday
2024-03-01,Karachi,31.5,3.36,Friday
2024-03-01,Islamabad,31.1,2.21,Friday
2024-03-02,Lahore,31.6,2.76,Saturday
2024-03-02,Karachi,32.5,1.43,Saturday
2024-03-02,Islamabad,27.1,4.22,Saturday
2024-03-03,Lahore,40.2,2.75,Sunday
2024-03-03,Karachi,42.8,0.0,Sunday
2024-03-03,Islamabad,32.2,2.9,Sunday
2024-03-04,Lahore,45.3,0.0,Monday
2024-03-04,Karachi,27.8,2.47,Monday
2024-03-04,Islamabad,14.3,4.84,Monday
2024-03-05,Lahore,24.7,4.11,Tuesday
2024-03-05,Karachi,33.7,5.2,Tuesday
2024-03-05,Islamabad,32.7,1.68,Tuesday
2024-03-06,Lahore,23.7,4.79,Wednesday
2024-03-06,Karachi,25.4,6.51,Wednesday
2024-03-06,Islamabad,34.1,1.62,Wednesday
2024-03-07,Lahore,18.0,7.03,Thursday
2024-03-07,Karachi,31.4,4.62,Thursday
2024-03-07,Islamabad,17.4,4.2,Thursday
2024-03-08,Lahore,30.0,3.06,Friday
2024-03-08,Karachi,29.7,3.98,Friday
2024-03-08,Islamabad,20.6,4.35,Friday
2024-03-09,Lahore,30.8,3.63,Saturday
2024-03-09,Karachi,35.6,0.39,Saturday
2024-03-09,Islamabad,17.8,6.95,Saturday
2024-03-10,Lahore,32.3,1.49,Sunday
2024-03-10,Karachi,39.8,1.55,Sunday
2024-03-10,Islamabad,34.1,2.42,Sunday
2024-03-11,Lahore,44.4,3.23,Monday
2024-03-11,Karachi,30.8,4.33,Monday
2024-03-11,Islamabad,30.9,4.91,Monday
2024-03-12,Lahore,23.2,5.15,Tuesday
2024-03-12,Karachi,37.3,0.0,Tuesday
2024-03-12,Islamabad,19.9,1.62,Tuesday
2024-03-13,Lahore,28.1,4.39,Wednesday
2024-03-13,Karachi,39.5,1.53,Wednesday
2024-03-13,Islamabad,36.8,0.0,Wednesday
2024-03-14,Lahore,18.1,4.9,Thursday
2024-03-14,Karachi,33.9,2.3,Thursday
2024-03-14,Islamabad,14.6,5.43,Thursday
2024-03-15,Lahore,20.9,5.53,Friday
2024-03-15,Karachi,33.8,0.95,Friday
2024-03-15,Islamabad,23.9,2.43,Friday
2024-03-16,Lahore,29.6,4.51,Saturday
2024-03-16,Karachi,27.1,4.24,Saturday
2024-03-16,Islamabad,23.8,2.84,Saturday
2024-03-17,Lahore,29.3,1.57,Sunday
2024-03-17,Karachi,29.2,1.33,Sunday
2024-03-17,Islamabad,38.8,1.59,Sunday
2024-03-18,Lahore,25.1,4.14,Monday
2024-03-18,Karachi,31.4,2.43,Monday
2024-03-18,Islamabad,30.7,4.02,Monday
2024-03-19,Lahore,26.3,2.76,Tuesday
2024-03-19,Karachi,30.6,0.0,Tuesday
2024-03-19,Islamabad,17.9,7.07,Tuesday
2024-03-20,Lahore,41.5,0.71,Wednesday
2024-03-20,Karachi,34.9,2.65,Wednesday
2024-03-20,Islamabad,45.5,2.1,Wednesday
2024-03-21,Lahore,29.1,1.72,Thursday
2024-03-21,Karachi,24.0,4.31,Thursday
2024-03-21,Islamabad,22.5,2.12,Thursday
2024-03-22,Lahore,25.5,2.13,Friday
2024-03-22,Karachi,40.4,2.58,Friday
2024-03-22,Islamabad,27.0,5.73,Friday
2024-03-23,Lahore,30.5,1.62,Saturday
2024-03-23,Karachi,39.6,2.21,Saturday
2024-03-23,Islamabad,20.8,4.25,Saturday
2024-03-24,Lahore,23.9,1.95,Sunday
2024-03-24,Karachi,36.6,4.76,Sunday
2024-03-24,Islamabad,18.6,5.74,Sunday
2024-03-25,Lahore,25.4,3.03,Monday
2024-03-25,Karachi,29.0,1.86,Monday
2024-03-25,Islamabad,27.3,2.21,Monday
2024-03-26,Lahore,31.9,2.61,Tuesday
2024-03-26,Karachi,30.8,1.5,Tuesday
2024-03-26,Islamabad,23.5,5.21,Tuesday
2024-03-27,Lahore,33.5,0.95,Wednesday
2024-03-27,Karachi,32.5,3.71,Wednesday
2024-03-27,Islamabad,17.0,5.98,Wednesday
2024-03-28,Lahore,25.4,4.63,Thursday
2024-03-28,Karachi,28.2,0.6,Thursday
2024-03-28,Islamabad,17.2,5.2,Thursday
2024-03-29,Lahore,31.8,1.34,Friday
2024-03-29,Karachi,35.2,0.0,Friday
2024-03-29,Islamabad,26.6,1.75,Friday
2024-03-30,Lahore,25.4,3.83,Saturday
2024-03-30,Karachi,27.7,2.81,Saturday
2024-03-30,Islamabad,33.0,1.63,Saturday
2024-03-31,Lahore,35.8,0.33,Sunday
2024-03-31,Karachi,34.6,4.39,Sunday
2024-03-31,Islamabad,12.2,4.78,Sunday
2024-04-01,Lahore,34.0,2.02,Monday
2024-04-01,Karachi,33.9,1.45,Monday
2024-04-01,Islamabad,27.5,3.18,Monday
2024-04-02,Lahore,38.2,2.02,Tuesday
2024-04-02,Karachi,33.7,1.77,Tuesday
2024-04-02,Islamabad,24.1,3.34,Tuesday
2024-04-03,Lahore,32.8,1.91,Wednesday
2024-04-03,Karachi,33.4,5.54,Wednesday
2024-04-03,Islamabad,32.2,2.14,Wednesday
2024-04-04,Lahore,38.4,0.99,Thursday
2024-04-04,Karachi,21.8,2.85,Thursday
2024-04-04,Islamabad,15.8,4.84,Thursday
2024-04-05,Lahore,30.1,5.49,Friday
2024-04-05,Karachi,33.6,2.07,Friday
2024-04-05,Islamabad,32.0,0.0,Friday
2024-04-06,Lahore,31.6,3.88,Saturday
2024-04-06,Karachi,24.6,5.61,Saturday
2024-04-06,Islamabad,29.0,2.54,Saturday
2024-04-07,Lahore,34.4,5.67,Sunday
2024-04-07,Karachi,32.9,2.89,Sunday
2024-04-07,Islamabad,24.2,2.68,Sunday
2024-04-08,Lahore,35.8,0.75,Monday
2024-04-08,Karachi,32.4,1.89,Monday
2024-04-08,Islamabad,29.9,3.52,Monday
2024-04-09,Lahore,37.3,1.02,Tuesday
2024-04-09,Karachi,30.7,1.42,Tuesday
2024-04-09,Islamabad,24.3,4.51,Tuesday
2024-04-10,Lahore,35.3,0.73,Wednesday
2024-04-10,Karachi,36.3,3.98,Wednesday
2024-04-10,Islamabad,29.5,5.9,Wednesday
2024-04-11,Lahore,24.6,2.04,Thursday
2024-04-11,Karachi,23.1,6.39,Thursday
2024-04-11,Islamabad,30.9,2.76,Thursday
2024-04-12,Lahore,32.0,0.99,Friday
2024-04-12,Karachi,44.2,0.82,Friday
2024-04-12,Islamabad,27.7,4.48,Friday
2024-04-13,Lahore,33.4,2.77,Saturday
2024-04-13,Karachi,28.0,4.03,Saturday
2024-04-13,Islamabad,38.3,3.64,Saturday
2024-04-14,Lahore,41.2,0.37,Sunday
2024-04-14,Karachi,27.1,3.3,Sunday
2024-04-14,Islamabad,27.3,5.09,Sunday
2024-04-15,Lahore,18.2,7.27,Monday
2024-04-15,Karachi,31.2,2.16,Monday
2024-04-15,Islamabad,20.9,2.03,Monday
2024-04-16,Lahore,35.8,2.15,Tuesday
2024-04-16,Karachi,25.6,1.8,Tuesday
2024-04-16,Islamabad,25.0,6.34,Tuesday
2024-04-17,Lahore,28.2,1.05,Wednesday
2024-04-17,Karachi,30.8,2.46,Wednesday
2024-04-17,Islamabad,10.8,6.12,Wednesday
2024-04-18,Lahore,28.4,4.31,Thursday
2024-04-18,Karachi,41.2,2.82,Thursday
2024-04-18,Islamabad,25.4,2.11,Thursday
2024-04-19,Lahore,48.0,0.09,Friday
2024-04-19,Karachi,32.1,2.62,Friday
2024-04-19,Islamabad,28.2,3.09,Friday
2024-04-20,Lahore,26.0,2.85,Saturday
2024-04-20,Karachi,31.8,1.88,Saturday
2024-04-20,Islamabad,22.7,4.37,Saturday
2024-04-21,Lahore,28.2,5.55,Sunday
2024-04-21,Karachi,18.7,6.51,Sunday
2024-04-21,Islamabad,34.5,0.0,Sunday
2024-04-22,Lahore,27.6,2.84,Monday
2024-04-22,Karachi,25.0,2.67,Monday
2024-04-22,Islamabad,20.3,7.24,Monday
2024-04-23,Lahore,36.5,3.82,Tuesday
2024-04-23,Karachi,35.6,0.37,Tuesday
2024-04-23,Islamabad,23.9,4.76,Tuesday
2024-04-24,Lahore,21.4,5.5,Wednesday
2024-04-24,Karachi,30.8,2.3,Wednesday
2024-04-24,Islamabad,31.3,3.46,Wednesday
2024-04-25,Lahore,27.5,5.16,Thursday
2024-04-25,Karachi,26.6,4.49,Thursday
2024-04-25,Islamabad,30.6,2.44,Thursday
2024-04-26,Lahore,32.3,0.74,Friday
2024-04-26,Karachi,36.6,1.62,Friday
2024-04-26,Islamabad,23.9,5.6,Friday
2024-04-27,Lahore,25.1,1.71,Saturday
2024-04-27,Karachi,24.2,4.87,Saturday
2024-04-27,Islamabad,19.3,7.41,Saturday
2024-04-28,Lahore,15.4,7.97,Sunday
2024-04-28,Karachi,33.1,2.35,Sunday
2024-04-28,Islamabad,23.7,4.64,Sunday
2024-04-29,Lahore,29.7,4.7,Monday
2024-04-29,Karachi,32.6,2.8,Monday
2024-04-29,Islamabad,24.8,3.78,Monday
2024-04-30,Lahore,32.2,0.08,Tuesday
2024-04-30,Karachi,25.3,4.91,Tuesday
2024-04-30,Islamabad,28.0,3.05,Tuesday
2024-05-01,Lahore,30.1,3.5,Wednesday
2024-05-01,Karachi,29.3,1.95,Wednesday
2024-05-01,Islamabad,28.2,1.84,Wednesday
2024-05-02,Lahore,32.9,0.0,Thursday
2024-05-02,Karachi,37.1,2.52,Thursday
2024-05-02,Islamabad,28.5,4.72,Thursday
2024-05-03,Lahore,41.7,2.58,Friday
2024-05-03,Karachi,22.8,2.28,Friday
2024-05-03,Islamabad,23.3,4.16,Friday
2024-05-04,Lahore,33.6,1.31,Saturday
2024-05-04,Karachi,32.9,1.38,Saturday
2024-05-04,Islamabad,23.3,2.0,Saturday
2024-05-05,Lahore,23.5,2.05,Sunday
2024-05-05,Karachi,27.1,5.06,Sunday
2024-05-05,Islamabad,21.3,8.4,Sunday
2024-05-06,Lahore,33.5,2.7,Monday
2024-05-06,Karachi,27.7,4.43,Monday
2024-05-06,Islamabad,23.5,4.26,Monday
2024-05-07,Lahore,47.9,0.0,Tuesday
2024-05-07,Karachi,37.7,0.65,Tuesday
2024-05-07,Islamabad,26.8,6.19,Tuesday
2024-05-08,Lahore,25.6,6.45,Wednesday
2024-05-08,Karachi,35.5,1.23,Wednesday
2024-05-08,Islamabad,30.8,4.33,Wednesday
2024-05-09,Lahore,34.4,0.0,Thursday
2024-05-09,Karachi,28.4,2.9,Thursday
2024-05-09,Islamabad,26.6,4.51,Thursday
2024-05-10,Lahore,31.2,0.79,Friday
2024-05-10,Karachi,33.9,3.27,Friday
2024-05-10,Islamabad,30.4,4.56,Friday
2024-05-11,Lahore,35.8,2.72,Saturday
2024-05-11,Karachi,31.6,0.23,Saturday
2024-05-11,Islamabad,29.6,3.38,Saturday
2024-05-12,Lahore,31.9,0.77,Sunday
2024-05-12,Karachi,26.6,5.15,Sunday
2024-05-12,Islamabad,26.8,4.56,Sunday
2024-05-13,Lahore,30.2,3.01,Monday
2024-05-13,Karachi,36.7,1.11,Monday
2024-05-13,Islamabad,27.6,2.71,Monday
2024-05-14,Lahore,27.0,3.04,Tuesday
2024-05-14,Karachi,33.1,1.76,Tuesday
2024-05-14,Islamabad,34.5,0.9,Tuesday
2024-05-15,Lahore,28.7,2.56,Wednesday
2024-05-15,Karachi,39.2,1.76,Wednesday
2024-05-15,Islamabad,33.2,0.24,Wednesday
2024-05-16,Lahore,31.9,4.02,Thursday
2024-05-16,Karachi,32.4,4.2,Thursday
2024-05-16,Islamabad,23.9,6.13,Thursday
2024-05-17,Lahore,46.1,0.0,Friday
2024-05-17,Karachi,29.8,5.22,Friday
2024-05-17,Islamabad,36.5,1.14,Friday
2024-05-18,Lahore,27.1,3.07,Saturday
2024-05-18,Karachi,25.3,2.41,Saturday
2024-05-18,Islamabad,21.0,3.35,Saturday
2024-05-19,Lahore,29.8,3.39,Sunday
2024-05-19,Karachi,39.8,0.0,Sunday
2024-05-19,Islamabad,32.9,2.19,Sunday
2024-05-20,Lahore,29.7,4.07,Monday
2024-05-20,Karachi,26.4,4.18,Monday
2024-05-20,Islamabad,28.0,4.07,Monday
2024-05-21,Lahore,32.0,6.35,Tuesday
2024-05-21,Karachi,28.8,2.4,Tuesday
2024-05-21,Islamabad,23.3,3.29,Tuesday
2024-05-22,Lahore,25.5,5.53,Wednesday
2024-05-22,Karachi,39.1,0.63,Wednesday
2024-05-22,Islamabad,22.0,5.04,Wednesday
2024-05-23,Lahore,26.1,4.59,Thursday
2024-05-23,Karachi,33.0,0.22,Thursday
2024-05-23,Islamabad,36.3,4.65,Thursday
2024-05-24,Lahore,25.7,3.13,Friday
2024-05-24,Karachi,33.4,2.93,Friday
2024-05-24,Islamabad,31.0,5.86,Friday
2024-05-25,Lahore,28.8,2.01,Saturday
2024-05-25,Karachi,25.1,2.72,Saturday
2024-05-25,Islamabad,26.8,6.22,Saturday
2024-05-26,Lahore,26.4,3.94,Sunday
2024-05-26,Karachi,31.9,4.46,Sunday
2024-05-26,Islamabad,42.2,0.18,Sunday
2024-05-27,Lahore,26.6,5.14,Monday
2024-05-27,Karachi,35.4,4.87,Monday
2024-05-27,Islamabad,30.5,2.38,Monday
2024-05-28,Lahore,34.1,3.97,Tuesday
2024-05-28,Karachi,36.1,2.74,Tuesday
2024-05-28,Islamabad,33.4,4.19,Tuesday
2024-05-29,Lahore,39.7,2.36,Wednesday
2024-05-29,Karachi,31.2,3.03,Wednesday
2024-05-29,Islamabad,34.2,1.07,Wednesday
2024-05-30,Lahore,32.6,1.98,Thursday
2024-05-30,Karachi,32.1,4.56,Thursday
2024-05-30,Islamabad,28.1,3.38,Thursday
2024-05-31,Lahore,20.5,5.71,Friday
2024-05-31,Karachi,35.2,5.37,Friday
2024-05-31,Islamabad,25.2,4.14,Friday
2024-06-01,Lahore,31.7,5.08,Saturday
2024-06-01,Karachi,31.5,3.16,Saturday
2024-06-01,Islamabad,30.6,3.17,Saturday
2024-06-02,Lahore,26.9,3.81,Sunday
2024-06-02,Karachi,37.4,0.23,Sunday
2024-06-02,Islamabad,27.8,2.32,Sunday
2024-06-03,Lahore,38.4,0.0,Monday
2024-06-03,Karachi,29.2,3.7,Monday
2024-06-03,Islamabad,36.4,1.84,Monday
2024-06-04,Lahore,26.1,6.47,Tuesday
2024-06-04,Karachi,24.8,0.58,Tuesday
2024-06-04,Islamabad,29.6,2.31,Tuesday
2024-06-05,Lahore,22.9,5.25,Wednesday
2024-06-05,Karachi,33.2,1.62,Wednesday
2024-06-05,Islamabad,19.3,6.09,Wednesday
2024-06-06,Lahore,34.6,2.09,Thursday
2024-06-06,Karachi,41.2,0.0,Thursday
2024-06-06,Islamabad,17.8,3.99,Thursday
2024-06-07,Lahore,29.7,3.42,Friday
2024-06-07,Karachi,30.8,3.4,Friday
2024-06-07,Islamabad,19.5,6.92,Friday
2024-06-08,Lahore,29.4,4.77,Saturday
2024-06-08,Karachi,33.7,3.07,Saturday
2024-06-08,Islamabad,30.4,3.6,Saturday
2024-06-09,Lahore,34.5,4.24,Sunday
2024-06-09,Karachi,33.0,3.57,Sunday
2024-06-09,Islamabad,26.5,5.75,Sunday
2024-06-10,Lahore,25.3,6.49,Monday
2024-06-10,Karachi,31.8,0.55,Monday
2024-06-10,Islamabad,27.8,2.35,Monday
2024-06-11,Lahore,35.9,1.04,Tuesday
2024-06-11,Karachi,29.8,0.2,Tuesday
2024-06-11,Islamabad,24.3,0.32,Tuesday
2024-06-12,Lahore,18.9,5.99,Wednesday
2024-06-12,Karachi,35.9,2.65,Wednesday
2024-06-12,Islamabad,21.2,4.4,Wednesday
2024-06-13,Lahore,30.0,1.27,Thursday
2024-06-13,Karachi,39.5,2.73,Thursday
2024-06-13,Islamabad,25.7,3.76,Thursday
2024-06-14,Lahore,31.5,0.0,Friday
2024-06-14,Karachi,30.8,1.85,Friday
2024-06-14,Islamabad,21.0,4.08,Friday
2024-06-15,Lahore,42.6,1.86,Saturday
2024-06-15,Karachi,29.1,4.0,Saturday
2024-06-15,Islamabad,35.4,3.49,Saturday
2024-06-16,Lahore,30.4,1.96,Sunday
2024-06-16,Karachi,35.5,2.68,Sunday
2024-06-16,Islamabad,32.4,3.56,Sunday
2024-06-17,Lahore,37.3,0.97,Monday
2024-06-17,Karachi,38.6,1.87,Monday
2024-06-17,Islamabad,39.5,0.39,Monday
2024-06-18,Lahore,42.2,1.27,Tuesday
2024-06-18,Karachi,28.7,2.48,Tuesday
2024-06-18,Islamabad,25.1,4.46,Tuesday
2024-06-19,Lahore,33.7,1.53,Wednesday
2024-06-19,Karachi,31.9,5.9,Wednesday
2024-06-19,Islamabad,37.4,2.43,Wednesday
2024-06-20,Lahore,30.3,3.14,Thursday
2024-06-20,Karachi,35.1,0.62,Thursday
2024-06-20,Islamabad,25.5,1.25,Thursday
2024-06-21,Lahore,32.8,3.51,Friday
2024-06-21,Karachi,29.6,5.43,Friday
2024-06-21,Islamabad,19.6,2.53,Friday
2024-06-22,Lahore,31.6,4.31,Saturday
2024-06-22,Karachi,40.4,0.58,Saturday
2024-06-22,Islamabad,33.5,2.36,Saturday
2024-06-23,Lahore,28.8,4.53,Sunday
2024-06-23,Karachi,35.3,0.0,Sunday
2024-06-23,Islamabad,35.9,4.09,Sunday
2024-06-24,Lahore,25.6,4.32,Monday
2024-06-24,Karachi,34.5,2.65,Monday
2024-06-24,Islamabad,23.7,3.04,Monday
2024-06-25,Lahore,29.8,4.79,Tuesday
2024-06-25,Karachi,34.7,1.66,Tuesday
2024-06-25,Islamabad,31.6,0.0,Tuesday
2024-06-26,Lahore,38.0,0.0,Wednesday
2024-06-26,Karachi,30.2,1.29,Wednesday
2024-06-26,Islamabad,19.2,6.54,Wednesday
2024-06-27,Lahore,26.7,4.07,Thursday
2024-06-27,Karachi,31.8,3.42,Thursday
2024-06-27,Islamabad,27.5,1.5,Thursday
2024-06-28,Lahore,37.0,1.1,Friday
2024-06-28,Karachi,24.2,3.32,Friday
2024-06-28,Islamabad,36.0,3.27,Friday
2024-06-29,Lahore,27.6,2.88,Saturday
2024-06-29,Karachi,30.4,6.05,Saturday
2024-06-29,Islamabad,29.3,3.76,Saturday
2024-06-30,Lahore,37.2,2.16,Sunday
2024-06-30,Karachi,30.7,2.59,Sunday
2024-06-30,Islamabad,26.6,3.52,Sunday
2024-07-01,Lahore,35.1,2.23,Monday
2024-07-01,Karachi,35.7,1.94,Monday
2024-07-01,Islamabad,27.5,0.42,Monday
2024-07-02,Lahore,36.4,2.45,Tuesday
2024-07-02,Karachi,37.0,0.0,Tuesday
2024-07-02,Islamabad,39.5,1.2,Tuesday
2024-07-03,Lahore,37.8,0.15,Wednesday
2024-07-03,Karachi,35.1,0.58,Wednesday
2024-07-03,Islamabad,23.3,6.99,Wednesday
2024-07-04,Lahore,28.7,3.55,Thursday
2024-07-04,Karachi,36.4,2.69,Thursday
2024-07-04,Islamabad,27.9,3.9,Thursday
2024-07-05,Lahore,46.8,0.11,Friday
2024-07-05,Karachi,33.0,4.08,Friday
2024-07-05,Islamabad,33.6,4.18,Friday
2024-07-06,Lahore,34.5,0.54,Saturday
2024-07-06,Karachi,40.2,0.0,Saturday
2024-07-06,Islamabad,28.8,2.07,Saturday
2024-07-07,Lahore,29.6,3.57,Sunday
2024-07-07,Karachi,33.6,3.03,Sunday
2024-07-07,Islamabad,36.7,2.57,Sunday
2024-07-08,Lahore,28.3,4.73,Monday
2024-07-08,Karachi,37.9,0.0,Monday
2024-07-08,Islamabad,30.6,3.95,Monday
2024-07-09,Lahore,27.9,5.41,Tuesday
2024-07-09,Karachi,31.2,2.98,Tuesday
2024-07-09,Islamabad,26.0,3.7,Tuesday
2024-07-10,Lahore,22.3,2.12,Wednesday
2024-07-10,Karachi,40.0,0.07,Wednesday
2024-07-10,Islamabad,21.1,1.26,Wednesday
2024-07-11,Lahore,25.5,1.76,Thursday
2024-07-11,Karachi,40.2,2.81,Thursday
2024-07-11,Islamabad,22.9,7.57,Thursday
2024-07-12,Lahore,36.9,1.37,Friday
2024-07-12,Karachi,19.5,8.19,Friday
2024-07-12,Islamabad,18.7,2.42,Friday
2024-07-13,Lahore,37.2,5.47,Saturday
2024-07-13,Karachi,38.9,2.36,Saturday
2024-07-13,Islamabad,30.6,4.19,Saturday
2024-07-14,Lahore,35.3,2.54,Sunday
2024-07-14,Karachi,32.5,2.49,Sunday
2024-07-14,Islamabad,22.5,3.83,Sunday
2024-07-15,Lahore,18.1,4.83,Monday
2024-07-15,Karachi,27.1,1.84,Monday
2024-07-15,Islamabad,28.1,5.41,Monday
2024-07-16,Lahore,36.4,0.0,Tuesday
2024-07-16,Karachi,27.1,4.9,Tuesday
2024-07-16,Islamabad,21.1,4.15,Tuesday
2024-07-17,Lahore,33.9,0.91,Wednesday
2024-07-17,Karachi,32.5,0.58,Wednesday
2024-07-17,Islamabad,23.4,4.58,Wednesday
2024-07-18,Lahore,18.8,5.52,Thursday
2024-07-18,Karachi,31.9,3.51,Thursday
2024-07-18,Islamabad,28.3,5.32,Thursday
2024-07-19,Lahore,30.9,2.21,Friday
2024-07-19,Karachi,32.6,3.38,Friday
2024-07-19,Islamabad,27.3,3.51,Friday
2024-07-20,Lahore,25.1,2.82,Saturday
2024-07-20,Karachi,25.0,6.46,Saturday
2024-07-20,Islamabad,19.5,3.7,Saturday
2024-07-21,Lahore,25.0,5.18,Sunday
2024-07-21,Karachi,30.5,4.78,Sunday
2024-07-21,Islamabad,23.0,4.59,Sunday
2024-07-22,Lahore,24.2,7.19,Monday
2024-07-22,Karachi,26.1,4.12,Monday
2024-07-22,Islamabad,30.8,3.49,Monday
2024-07-23,Lahore,28.7,3.02,Tuesday
2024-07-23,Karachi,32.2,2.41,Tuesday
2024-07-23,Islamabad,32.8,5.85,Tuesday
2024-07-24,Lahore,26.1,1.6,Wednesday
2024-07-24,Karachi,31.6,6.61,Wednesday
2024-07-24,Islamabad,22.2,6.76,Wednesday
2024-07-25,Lahore,41.7,0.21,Thursday
2024-07-25,Karachi,34.8,4.64,Thursday
2024-07-25,Islamabad,24.7,3.57,Thursday
2024-07-26,Lahore,25.9,2.16,Friday
2024-07-26,Karachi,28.8,1.37,Friday
2024-07-26,Islamabad,27.2,2.31,Friday
2024-07-27,Lahore,31.6,0.39,Saturday
2024-07-27,Karachi,33.7,3.64,Saturday
2024-07-27,Islamabad,15.0,6.05,Saturday
2024-07-28,Lahore,38.6,0.0,Sunday
2024-07-28,Karachi,40.4,1.9,Sunday
2024-07-28,Islamabad,22.8,4.12,Sunday
2024-07-29,Lahore,33.9,2.46,Monday
2024-07-29,Karachi,34.7,0.84,Monday
2024-07-29,Islamabad,28.0,1.21,Monday
2024-07-30,Lahore,29.2,1.77,Tuesday
2024-07-30,Karachi,28.3,5.13,Tuesday
2024-07-30,Islamabad,33.5,3.32,Tuesday
2024-07-31,Lahore,22.4,3.8,Wednesday
2024-07-31,Karachi,38.1,1.87,Wednesday
2024-07-31,Islamabad,40.9,1.77,Wednesday
2024-08-01,Lahore,31.3,2.31,Thursday
2024-08-01,Karachi,32.7,2.33,Thursday
2024-08-01,Islamabad,31.2,4.23,Thursday
2024-08-02,Lahore,24.5,1.92,Friday
2024-08-02,Karachi,22.8,4.96,Friday
2024-08-02,Islamabad,20.4,1.37,Friday
2024-08-03,Lahore,32.7,6.29,Saturday
2024-08-03,Karachi,32.0,3.93,Saturday
2024-08-03,Islamabad,27.5,3.27,Saturday
2024-08-04,Lahore,36.4,1.49,Sunday
2024-08-04,Karachi,33.3,2.93,Sunday
2024-08-04,Islamabad,23.0,5.66,Sunday
2024-08-05,Lahore,28.8,2.07,Monday
2024-08-05,Karachi,34.7,0.87,Monday
2024-08-05,Islamabad,27.2,3.46,Monday
2024-08-06,Lahore,37.6,2.45,Tuesday
2024-08-06,Karachi,31.9,3.91,Tuesday
2024-08-06,Islamabad,35.3,2.95,Tuesday
2024-08-07,Lahore,30.1,1.02,Wednesday
2024-08-07,Karachi,26.7,3.1,Wednesday
2024-08-07,Islamabad,23.3,3.83,Wednesday
2024-08-08,Lahore,30.4,3.73,Thursday
2024-08-08,Karachi,31.6,3.46,Thursday
2024-08-08,Islamabad,27.4,0.47,Thursday
2024-08-09,Lahore,23.4,3.88,Friday
2024-08-09,Karachi,26.0,4.57,Friday
2024-08-09,Islamabad,36.2,3.8,Friday
2024-08-10,Lahore,28.5,5.49,Saturday
2024-08-10,Karachi,32.7,2.04,Saturday
2024-08-10,Islamabad,23.3,3.66,Saturday
2024-08-11,Lahore,27.3,3.71,Sunday
2024-08-11,Karachi,32.8,2.54,Sunday
2024-08-11,Islamabad,29.6,4.85,Sunday
2024-08-12,Lahore,36.6,0.0,Monday
2024-08-12,Karachi,19.2,6.2,Monday
2024-08-12,Islamabad,18.8,4.53,Monday
2024-08-13,Lahore,21.8,1.66,Tuesday
2024-08-13,Karachi,34.7,3.35,Tuesday
2024-08-13,Islamabad,23.5,0.19,Tuesday
2024-08-14,Lahore,26.2,4.22,Wednesday
2024-08-14,Karachi,24.6,4.17,Wednesday
2024-08-14,Islamabad,26.9,4.38,Wednesday
2024-08-15,Lahore,30.8,1.4,Thursday
2024-08-15,Karachi,38.0,1.43,Thursday
2024-08-15,Islamabad,26.8,2.13,Thursday
2024-08-16,Lahore,26.9,2.19,Friday
2024-08-16,Karachi,31.1,5.38,Friday
2024-08-16,Islamabad,18.8,2.45,Friday
2024-08-17,Lahore,40.3,0.97,Saturday
2024-08-17,Karachi,28.7,4.78,Saturday
2024-08-17,Islamabad,23.4,6.84,Saturday
2024-08-18,Lahore,34.7,1.48,Sunday
2024-08-18,Karachi,42.8,0.0,Sunday
2024-08-18,Islamabad,31.5,3.21,Sunday
2024-08-19,Lahore,39.1,3.82,Monday
2024-08-19,Karachi,32.2,1.51,Monday
2024-08-19,Islamabad,29.8,2.02,Monday
2024-08-20,Lahore,44.1,0.86,Tuesday
2024-08-20,Karachi,30.2,3.25,Tuesday
2024-08-20,Islamabad,18.9,3.39,Tuesday
2024-08-21,Lahore,38.4,0.61,Wednesday
2024-08-21,Karachi,26.8,4.34,Wednesday
2024-08-21,Islamabad,34.1,3.39,Wednesday
2024-08-22,Lahore,37.0,0.7,Thursday
2024-08-22,Karachi,24.9,6.1,Thursday
2024-08-22,Islamabad,25.1,3.45,Thursday
2024-08-23,Lahore,39.3,2.28,Friday
2024-08-23,Karachi,34.3,5.53,Friday
2024-08-23,Islamabad,23.1,5.54,Friday
2024-08-24,Lahore,30.4,3.34,Saturday
2024-08-24,Karachi,39.6,2.15,Saturday
2024-08-24,Islamabad,30.2,4.57,Saturday
2024-08-25,Lahore,27.4,2.17,Sunday
2024-08-25,Karachi,26.8,0.59,Sunday
2024-08-25,Islamabad,39.3,0.0,Sunday
2024-08-26,Lahore,28.5,2.84,Monday
2024-08-26,Karachi,33.5,3.63,Monday
2024-08-26,Islamabad,32.2,1.76,Monday
2024-08-27,Lahore,28.8,3.62,Tuesday
2024-08-27,Karachi,30.8,5.28,Tuesday
2024-08-27,Islamabad,29.9,4.11,Tuesday
2024-08-28,Lahore,34.6,3.99,Wednesday
2024-08-28,Karachi,32.9,0.57,Wednesday
2024-08-28,Islamabad,29.4,2.12,Wednesday
2024-08-29,Lahore,26.3,4.5,Thursday
2024-08-29,Karachi,38.2,1.67,Thursday
2024-08-29,Islamabad,28.9,5.74,Thursday
2024-08-30,Lahore,31.7,6.62,Friday
2024-08-30,Karachi,34.8,0.0,Friday
2024-08-30,Islamabad,31.5,3.32,Friday
2024-08-31,Lahore,39.0,2.51,Saturday
2024-08-31,Karachi,31.3,0.95,Saturday
2024-08-31,Islamabad,25.7,2.43,Saturday
2024-09-01,Lahore,25.9,4.56,Sunday
2024-09-01,Karachi,40.3,1.87,Sunday
2024-09-01,Islamabad,19.8,5.36,Sunday
2024-09-02,Lahore,38.4,0.69,Monday
2024-09-02,Karachi,31.3,2.8,Monday
2024-09-02,Islamabad,22.3,5.26,Monday
2024-09-03,Lahore,29.2,3.77,Tuesday
2024-09-03,Karachi,27.6,2.75,Tuesday
2024-09-03,Islamabad,31.3,2.22,Tuesday
2024-09-04,Lahore,42.1,0.39,Wednesday
2024-09-04,Karachi,33.1,3.88,Wednesday
2024-09-04,Islamabad,18.5,2.28,Wednesday
2024-09-05,Lahore,19.3,6.67,Thursday
2024-09-05,Karachi,29.2,6.96,Thursday
2024-09-05,Islamabad,23.6,4.34,Thursday
2024-09-06,Lahore,40.8,4.21,Friday
2024-09-06,Karachi,42.3,2.76,Friday
2024-09-06,Islamabad,33.1,3.36,Friday
2024-09-07,Lahore,35.4,1.27,Saturday
2024-09-07,Karachi,27.9,3.34,Saturday
2024-09-07,Islamabad,26.0,2.99,Saturday
2024-09-08,Lahore,34.9,3.62,Sunday
2024-09-08,Karachi,32.4,4.81,Sunday
2024-09-08,Islamabad,20.1,4.35,Sunday
2024-09-09,Lahore,25.0,1.04,Monday
2024-09-09,Karachi,31.6,2.55,Monday
2024-09-09,Islamabad,36.1,2.93,Monday
2024-09-10,Lahore,22.8,6.98,Tuesday
2024-09-10,Karachi,38.1,2.52,Tuesday
2024-09-10,Islamabad,25.6,2.29,Tuesday
2024-09-11,Lahore,27.4,5.07,Wednesday
2024-09-11,Karachi,41.4,3.41,Wednesday
2024-09-11,Islamabad,24.1,2.31,Wednesday
2024-09-12,Lahore,31.0,0.18,Thursday
2024-09-12,Karachi,33.6,2.18,Thursday
2024-09-12,Islamabad,24.2,1.57,Thursday
2024-09-13,Lahore,33.6,1.6,Friday
2024-09-13,Karachi,26.2,0.0,Friday
2024-09-13,Islamabad,26.8,6.19,Friday
2024-09-14,Lahore,41.6,0.38,Saturday
2024-09-14,Karachi,29.0,3.87,Saturday
2024-09-14,Islamabad,21.0,4.95,Saturday
2024-09-15,Lahore,35.4,3.95,Sunday
2024-09-15,Karachi,31.5,2.44,Sunday
2024-09-15,Islamabad,21.7,3.14,Sunday
2024-09-16,Lahore,28.4,3.82,Monday
2024-09-16,Karachi,36.6,0.7,Monday
2024-09-16,Islamabad,36.0,1.6,Monday
2024-09-17,Lahore,29.9,1.9,Tuesday
2024-09-17,Karachi,19.9,6.01,Tuesday
2024-09-17,Islamabad,31.4,2.34,Tuesday
2024-09-18,Lahore,30.5,3.7,Wednesday
2024-09-18,Karachi,24.2,3.18,Wednesday
2024-09-18,Islamabad,31.8,0.82,Wednesday
2024-09-19,Lahore,32.1,0.62,Thursday
2024-09-19,Karachi,34.3,2.22,Thursday
2024-09-19,Islamabad,17.3,6.86,Thursday
2024-09-20,Lahore,24.9,2.64,Friday
2024-09-20,Karachi,33.0,4.22,Friday
2024-09-20,Islamabad,20.9,4.61,Friday
2024-09-21,Lahore,33.0,3.54,Saturday
2024-09-21,Karachi,32.9,1.97,Saturday
2024-09-21,Islamabad,22.0,4.46,Saturday
2024-09-22,Lahore,22.5,0.0,Sunday
2024-09-22,Karachi,34.2,3.66,Sunday
2024-09-22,Islamabad,12.8,4.35,Sunday
2024-09-23,Lahore,34.3,5.36,Monday
2024-09-23,Karachi,32.1,1.56,Monday
2024-09-23,Islamabad,25.9,5.75,Monday
2024-09-24,Lahore,25.5,2.55,Tuesday
2024-09-24,Karachi,29.6,1.64,Tuesday
2024-09-24,Islamabad,27.7,5.81,Tuesday
2024-09-25,Lahore,32.3,2.24,Wednesday
2024-09-25,Karachi,30.5,0.57,Wednesday
2024-09-25,Islamabad,32.3,2.5,Wednesday
2024-09-26,Lahore,28.7,8.0,Thursday
2024-09-26,Karachi,33.5,1.29,Thursday
2024-09-26,Islamabad,24.4,5.65,Thursday
2024-09-27,Lahore,30.8,0.71,Friday
2024-09-27,Karachi,36.6,0.9,Friday
2024-09-27,Islamabad,38.2,3.25,Friday
2024-09-28,Lahore,26.9,5.44,Saturday
2024-09-28,Karachi,32.3,3.89,Saturday
2024-09-28,Islamabad,29.9,1.75,Saturday
2024-09-29,Lahore,25.5,5.3,Sunday
2024-09-29,Karachi,30.3,2.34,Sunday
2024-09-29,Islamabad,21.3,5.09,Sunday
2024-09-30,Lahore,44.4,0.0,Monday
2024-09-30,Karachi,32.1,4.76,Monday
2024-09-30,Islamabad,26.5,4.26,Monday
2024-10-01,Lahore,22.6,4.88,Tuesday
2024-10-01,Karachi,31.1,4.3,Tuesday
2024-10-01,Islamabad,34.1,6.2,Tuesday
2024-10-02,Lahore,34.1,2.81,Wednesday
2024-10-02,Karachi,33.0,1.97,Wednesday
2024-10-02,Islamabad,29.0,2.72,Wednesday
2024-10-03,Lahore,31.2,4.78,Thursday
2024-10-03,Karachi,27.0,5.22,Thursday
2024-10-03,Islamabad,34.9,2.01,Thursday
2024-10-04,Lahore,15.1,4.56,Friday
2024-10-04,Karachi,38.5,1.55,Friday
2024-10-04,Islamabad,21.0,3.74,Friday
2024-10-05,Lahore,35.9,2.84,Saturday
2024-10-05,Karachi,30.8,2.32,Saturday
2024-10-05,Islamabad,24.6,2.51,Saturday
2024-10-06,Lahore,41.3,0.63,Sunday
2024-10-06,Karachi,38.1,3.93,Sunday
2024-10-06,Islamabad,33.0,1.85,Sunday
2024-10-07,Lahore,32.8,2.49,Monday
2024-10-07,Karachi,27.5,3.91,Monday
2024-10-07,Islamabad,19.9,6.46,Monday
2024-10-08,Lahore,26.7,3.84,Tuesday
2024-10-08,Karachi,33.4,2.04,Tuesday
2024-10-08,Islamabad,30.5,2.2,Tuesday
2024-10-09,Lahore,36.1,0.0,Wednesday
2024-10-09,Karachi,32.6,5.47,Wednesday
2024-10-09,Islamabad,21.0,3.48,Wednesday
2024-10-10,Lahore,33.6,2.67,Thursday
2024-10-10,Karachi,33.8,3.11,Thursday
2024-10-10,Islamabad,30.8,4.53,Thursday
2024-10-11,Lahore,32.9,2.16,Friday
2024-10-11,Karachi,35.4,4.96,Friday
2024-10-11,Islamabad,26.2,2.17,Friday
2024-10-12,Lahore,37.7,1.53,Saturday
2024-10-12,Karachi,21.1,5.75,Saturday
2024-10-12,Islamabad,23.8,3.9,Saturday
2024-10-13,Lahore,32.3,2.9,Sunday
2024-10-13,Karachi,35.5,1.42,Sunday
2024-10-13,Islamabad,30.1,2.6,Sunday
2024-10-14,Lahore,35.2,3.06,Monday
2024-10-14,Karachi,27.3,5.08,Monday
2024-10-14,Islamabad,23.8,5.25,Monday
2024-10-15,Lahore,32.6,5.33,Tuesday
2024-10-15,Karachi,30.9,2.33,Tuesday
2024-10-15,Islamabad,26.9,3.06,Tuesday
2024-10-16,Lahore,35.6,0.0,Wednesday
2024-10-16,Karachi,26.7,1.94,Wednesday
2024-10-16,Islamabad,32.7,5.12,Wednesday
2024-10-17,Lahore,29.3,2.87,Thursday
2024-10-17,Karachi,32.4,4.35,Thursday
2024-10-17,Islamabad,21.4,4.78,Thursday
2024-10-18,Lahore,36.8,2.61,Friday
2024-10-18,Karachi,32.9,4.01,Friday
2024-10-18,Islamabad,10.8,7.22,Friday
2024-10-19,Lahore,25.4,1.02,Saturday
2024-10-19,Karachi,34.6,4.3,Saturday
2024-10-19,Islamabad,26.2,5.07,Saturday
2024-10-20,Lahore,41.3,3.09,Sunday
2024-10-20,Karachi,40.2,2.41,Sunday
2024-10-20,Islamabad,27.5,1.02,Sunday
2024-10-21,Lahore,28.3,2.02,Monday
2024-10-21,Karachi,42.9,0.59,Monday
2024-10-21,Islamabad,27.7,4.2,Monday
2024-10-22,Lahore,30.3,5.49,Tuesday
2024-10-22,Karachi,28.9,3.48,Tuesday
2024-10-22,Islamabad,22.5,2.26,Tuesday
2024-10-23,Lahore,25.7,3.66,Wednesday
2024-10-23,Karachi,29.9,1.99,Wednesday
2024-10-23,Islamabad,18.6,4.78,Wednesday
2024-10-24,Lahore,19.5,5.9,Thursday
2024-10-24,Karachi,32.4,0.41,Thursday
2024-10-24,Islamabad,25.1,2.68,Thursday
2024-10-25,Lahore,32.2,4.64,Friday
2024-10-25,Karachi,22.6,4.4,Friday
2024-10-25,Islamabad,26.0,4.67,Friday
2024-10-26,Lahore,31.5,1.62,Saturday
2024-10-26,Karachi,30.4,1.74,Saturday
2024-10-26,Islamabad,33.5,2.46,Saturday
2024-10-27,Lahore,43.3,0.69,Sunday
2024-10-27,Karachi,28.5,0.99,Sunday
2024-10-27,Islamabad,16.2,2.93,Sunday
2024-10-28,Lahore,31.9,3.45,Monday
2024-10-28,Karachi,24.1,5.33,Monday
2024-10-28,Islamabad,24.1,4.2,Monday
2024-10-29,Lahore,41.3,2.46,Tuesday
2024-10-29,Karachi,30.7,1.55,Tuesday
2024-10-29,Islamabad,14.1,4.57,Tuesday
2024-10-30,Lahore,28.5,1.77,Wednesday
2024-10-30,Karachi,31.3,2.89,Wednesday
2024-10-30,Islamabad,25.7,2.75,Wednesday
2024-10-31,Lahore,31.2,3.47,Thursday
2024-10-31,Karachi,26.5,5.69,Thursday
2024-10-31,Islamabad,26.4,3.63,Thursday
2024-11-01,Lahore,35.0,2.52,Friday
2024-11-01,Karachi,36.8,2.3,Friday
2024-11-01,Islamabad,23.3,4.65,Friday
2024-11-02,Lahore,22.0,4.5,Saturday
2024-11-02,Karachi,31.8,2.38,Saturday
2024-11-02,Islamabad,26.2,0.81,Saturday
2024-11-03,Lahore,26.2,3.78,Sunday
2024-11-03,Karachi,32.8,0.99,Sunday
2024-11-03,Islamabad,34.6,0.94,Sunday
2024-11-04,Lahore,36.8,2.51,Monday
2024-11-04,Karachi,28.8,5.87,Monday
2024-11-04,Islamabad,19.8,6.07,Monday
2024-11-05,Lahore,37.0,0.83,Tuesday
2024-11-05,Karachi,39.0,1.13,Tuesday
2024-11-05,Islamabad,28.7,3.6,Tuesday
2024-11-06,Lahore,29.1,4.37,Wednesday
2024-11-06,Karachi,36.0,0.0,Wednesday
2024-11-06,Islamabad,34.8,0.0,Wednesday
2024-11-07,Lahore,37.2,3.49,Thursday
2024-11-07,Karachi,26.5,2.96,Thursday
2024-11-07,Islamabad,20.4,4.28,Thursday
2024-11-08,Lahore,27.8,4.53,Friday
2024-11-08,Karachi,38.6,3.67,Friday
2024-11-08,Islamabad,23.6,3.75,Friday
2024-11-09,Lahore,18.2,3.76,Saturday
2024-11-09,Karachi,36.8,4.29,Saturday
2024-11-09,Islamabad,19.6,3.85,Saturday
2024-11-10,Lahore,29.8,3.45,Sunday
2024-11-10,Karachi,28.0,3.98,Sunday
2024-11-10,Islamabad,24.2,3.95,Sunday
2024-11-11,Lahore,33.8,2.37,Monday
2024-11-11,Karachi,29.8,2.87,Monday
2024-11-11,Islamabad,26.5,3.03,Monday
2024-11-12,Lahore,28.2,5.7,Tuesday
2024-11-12,Karachi,34.8,1.76,Tuesday
2024-11-12,Islamabad,31.2,2.3,Tuesday
2024-11-13,Lahore,38.2,2.19,Wednesday
2024-11-13,Karachi,31.5,3.43,Wednesday
2024-11-13,Islamabad,17.6,3.38,Wednesday
2024-11-14,Lahore,21.6,4.61,Thursday
2024-11-14,Karachi,40.7,4.57,Thursday
2024-11-14,Islamabad,30.8,3.61,Thursday
2024-11-15,Lahore,17.4,4.29,Friday
2024-11-15,Karachi,28.1,2.39,Friday
2024-11-15,Islamabad,26.0,2.96,Friday
2024-11-16,Lahore,16.1,6.43,Saturday
2024-11-16,Karachi,26.6,3.92,Saturday
2024-11-16,Islamabad,39.4,0.05,Saturday
2024-11-17,Lahore,12.3,5.52,Sunday
2024-11-17,Karachi,37.5,4.69,Sunday
2024-11-17,Islamabad,19.6,5.47,Sunday
2024-11-18,Lahore,26.7,3.38,Monday
2024-11-18,Karachi,45.2,0.0,Monday
2024-11-18,Islamabad,28.5,3.95,Monday
2024-11-19,Lahore,37.6,1.88,Tuesday
2024-11-19,Karachi,33.5,1.82,Tuesday
2024-11-19,Islamabad,28.6,2.72,Tuesday
2024-11-20,Lahore,34.4,1.72,Wednesday
2024-11-20,Karachi,33.9,2.31,Wednesday
2024-11-20,Islamabad,33.8,2.3,Wednesday
2024-11-21,Lahore,17.6,6.96,Thursday
2024-11-21,Karachi,27.5,2.44,Thursday
2024-11-21,Islamabad,23.4,6.16,Thursday
2024-11-22,Lahore,15.1,10.2,Friday
2024-11-22,Karachi,37.3,2.12,Friday
2024-11-22,Islamabad,26.7,3.98,Friday
2024-11-23,Lahore,33.6,3.36,Saturday
2024-11-23,Karachi,34.8,2.34,Saturday
2024-11-23,Islamabad,25.8,3.47,Saturday
2024-11-24,Lahore,28.6,4.93,Sunday
2024-11-24,Karachi,35.0,0.0,Sunday
2024-11-24,Islamabad,30.9,3.14,Sunday
2024-11-25,Lahore,29.9,2.44,Monday
2024-11-25,Karachi,37.6,3.15,Monday
2024-11-25,Islamabad,22.4,4.88,Monday
2024-11-26,Lahore,23.2,2.06,Tuesday
2024-11-26,Karachi,28.9,4.48,Tuesday
2024-11-26,Islamabad,32.7,3.32,Tuesday
2024-11-27,Lahore,35.1,2.93,Wednesday
2024-11-27,Karachi,28.8,3.85,Wednesday
2024-11-27,Islamabad,31.8,3.83,Wednesday
2024-11-28,Lahore,38.3,2.68,Thursday
2024-11-28,Karachi,33.8,3.98,Thursday
2024-11-28,Islamabad,26.8,2.2,Thursday
2024-11-29,Lahore,28.9,2.07,Friday
2024-11-29,Karachi,28.6,3.01,Friday
2024-11-29,Islamabad,22.2,3.83,Friday
2024-11-30,Lahore,16.7,5.53,Saturday
2024-11-30,Karachi,32.0,1.44,Saturday
2024-11-30,Islamabad,31.0,4.25,Saturday
2024-12-01,Lahore,18.7,3.73,Sunday
2024-12-01,Karachi,28.2,1.9,Sunday
2024-12-01,Islamabad,32.0,2.38,Sunday
2024-12-02,Lahore,28.1,0.3,Monday
2024-12-02,Karachi,35.2,0.28,Monday
2024-12-02,Islamabad,27.4,3.86,Monday
2024-12-03,Lahore,39.5,0.0,Tuesday
2024-12-03,Karachi,16.9,5.46,Tuesday
2024-12-03,Islamabad,37.8,3.56,Tuesday
2024-12-04,Lahore,31.5,2.02,Wednesday
2024-12-04,Karachi,36.0,0.53,Wednesday
2024-12-04,Islamabad,29.9,3.78,Wednesday
2024-12-05,Lahore,37.4,5.9,Thursday
2024-12-05,Karachi,34.0,1.58,Thursday
2024-12-05,Islamabad,26.8,0.87,Thursday
2024-12-06,Lahore,25.1,3.2,Friday
2024-12-06,Karachi,29.4,3.33,Friday
2024-12-06,Islamabad,22.1,6.0,Friday
2024-12-07,Lahore,30.0,2.99,Saturday
2024-12-07,Karachi,30.4,3.17,Saturday
2024-12-07,Islamabad,32.0,1.37,Saturday
2024-12-08,Lahore,25.4,3.31,Sunday
2024-12-08,Karachi,25.3,2.56,Sunday
2024-12-08,Islamabad,24.1,5.29,Sunday
2024-12-09,Lahore,31.8,2.98,Monday
2024-12-09,Karachi,36.3,1.75,Monday
2024-12-09,Islamabad,29.3,2.95,Monday
2024-12-10,Lahore,31.9,1.82,Tuesday
2024-12-10,Karachi,19.8,4.5,Tuesday
2024-12-10,Islamabad,35.5,3.47,Tuesday
2024-12-11,Lahore,36.8,3.73,Wednesday
2024-12-11,Karachi,32.4,2.89,Wednesday
2024-12-11,Islamabad,23.3,3.64,Wednesday
2024-12-12,Lahore,34.3,4.09,Thursday
2024-12-12,Karachi,31.3,2.11,Thursday
2024-12-12,Islamabad,27.0,4.4,Thursday
2024-12-13,Lahore,19.9,1.24,Friday
2024-12-13,Karachi,29.2,1.29,Friday
2024-12-13,Islamabad,24.0,3.79,Friday
2024-12-14,Lahore,26.8,5.71,Saturday
2024-12-14,Karachi,33.6,2.85,Saturday
2024-12-14,Islamabad,30.7,1.17,Saturday
2024-12-15,Lahore,37.3,1.67,Sunday
2024-12-15,Karachi,35.4,0.5,Sunday
2024-12-15,Islamabad,17.7,6.28,Sunday
2024-12-16,Lahore,32.6,1.21,Monday
2024-12-16,Karachi,27.7,5.08,Monday
2024-12-16,Islamabad,19.9,7.15,Monday
2024-12-17,Lahore,23.7,5.01,Tuesday
2024-12-17,Karachi,30.4,3.85,Tuesday
2024-12-17,Islamabad,23.7,3.8,Tuesday
2024-12-18,Lahore,30.3,1.45,Wednesday
2024-12-18,Karachi,35.7,1.28,Wednesday
2024-12-18,Islamabad,25.6,2.24,Wednesday
2024-12-19,Lahore,12.1,5.7,Thursday
2024-12-19,Karachi,44.1,1.83,Thursday
2024-12-19,Islamabad,26.9,3.12,Thursday
2024-12-20,Lahore,30.2,3.79,Friday
2024-12-20,Karachi,26.1,5.32,Friday
2024-12-20,Islamabad,31.3,3.86,Friday
2024-12-21,Lahore,33.1,2.52,Saturday
2024-12-21,Karachi,35.4,2.99,Saturday
2024-12-21,Islamabad,24.9,2.99,Saturday
2024-12-22,Lahore,30.7,5.2,Sunday
2024-12-22,Karachi,25.8,1.5,Sunday
2024-12-22,Islamabad,28.0,3.41,Sunday
2024-12-23,Lahore,31.2,3.16,Monday
2024-12-23,Karachi,30.9,5.09,Monday
2024-12-23,Islamabad,17.4,3.86,Monday
2024-12-24,Lahore,29.3,0.66,Tuesday
2024-12-24,Karachi,31.1,5.31,Tuesday
2024-12-24,Islamabad,27.1,3.83,Tuesday
2024-12-25,Lahore,21.2,3.55,Wednesday
2024-12-25,Karachi,30.1,2.5,Wednesday
2024-12-25,Islamabad,34.7,3.05,Wednesday
2024-12-26,Lahore,22.2,4.67,Thursday
2024-12-26,Karachi,34.5,3.96,Thursday
2024-12-26,Islamabad,36.5,0.4,Thursday
2024-12-27,Lahore,24.3,2.06,Friday
2024-12-27,Karachi,30.8,3.56,Friday
2024-12-27,Islamabad,32.9,2.4,Friday
2024-12-28,Lahore,27.8,3.6,Saturday
2024-12-28,Karachi,27.8,6.5,Saturday
2024-12-28,Islamabad,17.4,5.38,Saturday
2024-12-29,Lahore,44.2,0.65,Sunday
2024-12-29,Karachi,31.0,2.29,Sunday
2024-12-29,Islamabad,25.9,5.74,Sunday
2024-12-30,Lahore,14.5,7.88,Monday
2024-12-30,Karachi,24.9,3.45,Monday
2024-12-30,Islamabad,24.4,4.81,Monday
